<?xml version="1.0" encoding="UTF-8"?>
<DocSetNodes version="1.0">
  <TOC>
    <Node>
      <Name>Root</Name>
      <Path>index.html</Path>
      <Subnodes>
       <Node>
        <Name>Class List</Name>
        <Path>annotated.html</Path>
        <Subnodes>
         <Node>
          <Name>ANetApiRequest</Name>
          <Path>interface_a_net_api_request.html</Path>
         </Node>
         <Node>
          <Name>ANetApiResponse</Name>
          <Path>interface_a_net_api_response.html</Path>
         </Node>
         <Node>
          <Name>AuthNet</Name>
          <Path>interface_auth_net.html</Path>
         </Node>
         <Node>
          <Name>&lt;AuthNetDelegate&gt;</Name>
          <Path>protocol_auth_net_delegate-p.html</Path>
         </Node>
         <Node>
          <Name>AuthNetMessage</Name>
          <Path>interface_auth_net_message.html</Path>
         </Node>
         <Node>
          <Name>AuthNetRequest</Name>
          <Path>interface_auth_net_request.html</Path>
         </Node>
         <Node>
          <Name>AuthNetResponse</Name>
          <Path>interface_auth_net_response.html</Path>
         </Node>
         <Node>
          <Name>AuthNetUnitTests</Name>
          <Path>interface_auth_net_unit_tests.html</Path>
         </Node>
         <Node>
          <Name>BankAccountMaskedType</Name>
          <Path>interface_bank_account_masked_type.html</Path>
         </Node>
         <Node>
          <Name>BankAccountType</Name>
          <Path>interface_bank_account_type.html</Path>
         </Node>
         <Node>
          <Name>BatchDetailsType</Name>
          <Path>interface_batch_details_type.html</Path>
         </Node>
         <Node>
          <Name>BatchStatisticType</Name>
          <Path>interface_batch_statistic_type.html</Path>
         </Node>
         <Node>
          <Name>CCAuthenticationType</Name>
          <Path>interface_c_c_authentication_type.html</Path>
         </Node>
         <Node>
          <Name>CoffeeShopAppAppDelegate</Name>
          <Path>interface_coffee_shop_app_app_delegate.html</Path>
         </Node>
         <Node>
          <Name>CoffeeShopAppViewController</Name>
          <Path>interface_coffee_shop_app_view_controller.html</Path>
         </Node>
         <Node>
          <Name>CoffeeSizeViewController</Name>
          <Path>interface_coffee_size_view_controller.html</Path>
         </Node>
         <Node>
          <Name>CreateTransactionRequest</Name>
          <Path>interface_create_transaction_request.html</Path>
         </Node>
         <Node>
          <Name>CreateTransactionResponse</Name>
          <Path>interface_create_transaction_response.html</Path>
         </Node>
         <Node>
          <Name>CredentialViewController</Name>
          <Path>interface_credential_view_controller.html</Path>
         </Node>
         <Node>
          <Name>CreditCardMaskedType</Name>
          <Path>interface_credit_card_masked_type.html</Path>
         </Node>
         <Node>
          <Name>CreditCardTrackType</Name>
          <Path>interface_credit_card_track_type.html</Path>
         </Node>
         <Node>
          <Name>CreditCardType</Name>
          <Path>interface_credit_card_type.html</Path>
         </Node>
         <Node>
          <Name>CustomerAddressType</Name>
          <Path>interface_customer_address_type.html</Path>
         </Node>
         <Node>
          <Name>CustomerDataType</Name>
          <Path>interface_customer_data_type.html</Path>
         </Node>
         <Node>
          <Name>DatePickerViewController</Name>
          <Path>interface_date_picker_view_controller.html</Path>
         </Node>
         <Node>
          <Name>&lt;DatePickerViewControllerDelegate&gt;</Name>
          <Path>protocol_date_picker_view_controller_delegate-p.html</Path>
         </Node>
         <Node>
          <Name>Encryption</Name>
          <Path>interface_encryption.html</Path>
         </Node>
         <Node>
          <Name>Error</Name>
          <Path>interface_error.html</Path>
         </Node>
         <Node>
          <Name>ExtendedAmountType</Name>
          <Path>interface_extended_amount_type.html</Path>
         </Node>
         <Node>
          <Name>FailedViewController</Name>
          <Path>interface_failed_view_controller.html</Path>
         </Node>
         <Node>
          <Name>FDSFilterType</Name>
          <Path>interface_f_d_s_filter_type.html</Path>
         </Node>
         <Node>
          <Name>GDataXMLDocument</Name>
          <Path>interface_g_data_x_m_l_document.html</Path>
         </Node>
         <Node>
          <Name>GDataXMLElement</Name>
          <Path>interface_g_data_x_m_l_element.html</Path>
         </Node>
         <Node>
          <Name>GDataXMLNode</Name>
          <Path>interface_g_data_x_m_l_node.html</Path>
         </Node>
         <Node>
          <Name>GetBatchStatisticsRequest</Name>
          <Path>interface_get_batch_statistics_request.html</Path>
         </Node>
         <Node>
          <Name>GetBatchStatisticsResponse</Name>
          <Path>interface_get_batch_statistics_response.html</Path>
         </Node>
         <Node>
          <Name>GetSettledBatchListRequest</Name>
          <Path>interface_get_settled_batch_list_request.html</Path>
         </Node>
         <Node>
          <Name>GetSettledBatchListResponse</Name>
          <Path>interface_get_settled_batch_list_response.html</Path>
         </Node>
         <Node>
          <Name>GetTransactionDetailsRequest</Name>
          <Path>interface_get_transaction_details_request.html</Path>
         </Node>
         <Node>
          <Name>GetTransactionDetailsResponse</Name>
          <Path>interface_get_transaction_details_response.html</Path>
         </Node>
         <Node>
          <Name>GetTransactionListRequest</Name>
          <Path>interface_get_transaction_list_request.html</Path>
         </Node>
         <Node>
          <Name>GetTransactionListResponse</Name>
          <Path>interface_get_transaction_list_response.html</Path>
         </Node>
         <Node>
          <Name>GetUnsettledTransactionListRequest</Name>
          <Path>interface_get_unsettled_transaction_list_request.html</Path>
         </Node>
         <Node>
          <Name>GetUnsettledTransactionListResponse</Name>
          <Path>interface_get_unsettled_transaction_list_response.html</Path>
         </Node>
         <Node>
          <Name>KeychainItemWrapper</Name>
          <Path>interface_keychain_item_wrapper.html</Path>
         </Node>
         <Node>
          <Name>LineItemType</Name>
          <Path>interface_line_item_type.html</Path>
         </Node>
         <Node>
          <Name>LoginViewController</Name>
          <Path>interface_login_view_controller.html</Path>
         </Node>
         <Node>
          <Name>LogoutRequest</Name>
          <Path>interface_logout_request.html</Path>
         </Node>
         <Node>
          <Name>LogoutResponse</Name>
          <Path>interface_logout_response.html</Path>
         </Node>
         <Node>
          <Name>MerchantAuthenticationType</Name>
          <Path>interface_merchant_authentication_type.html</Path>
         </Node>
         <Node>
          <Name>MerchantContactType</Name>
          <Path>interface_merchant_contact_type.html</Path>
         </Node>
         <Node>
          <Name>Messages</Name>
          <Path>interface_messages.html</Path>
         </Node>
         <Node>
          <Name>MobileDeviceLoginRequest</Name>
          <Path>interface_mobile_device_login_request.html</Path>
         </Node>
         <Node>
          <Name>MobileDeviceLoginResponse</Name>
          <Path>interface_mobile_device_login_response.html</Path>
         </Node>
         <Node>
          <Name>MobileDeviceRegistrationRequest</Name>
          <Path>interface_mobile_device_registration_request.html</Path>
         </Node>
         <Node>
          <Name>MobileDeviceRegistrationResponse</Name>
          <Path>interface_mobile_device_registration_response.html</Path>
         </Node>
         <Node>
          <Name>MobileDeviceType</Name>
          <Path>interface_mobile_device_type.html</Path>
         </Node>
         <Node>
          <Name>NameAndAddressType</Name>
          <Path>interface_name_and_address_type.html</Path>
         </Node>
         <Node>
          <Name>NSString</Name>
          <Path>class_n_s_string.html</Path>
         </Node>
         <Node>
          <Name>OrderExType</Name>
          <Path>interface_order_ex_type.html</Path>
         </Node>
         <Node>
          <Name>OrderType</Name>
          <Path>interface_order_type.html</Path>
         </Node>
         <Node>
          <Name>PaymentMaskedType</Name>
          <Path>interface_payment_masked_type.html</Path>
         </Node>
         <Node>
          <Name>PaymentType</Name>
          <Path>interface_payment_type.html</Path>
         </Node>
         <Node>
          <Name>PermissionType</Name>
          <Path>interface_permission_type.html</Path>
         </Node>
         <Node>
          <Name>PurchaseViewController</Name>
          <Path>interface_purchase_view_controller.html</Path>
         </Node>
         <Node>
          <Name>RefundSuccessViewController</Name>
          <Path>interface_refund_success_view_controller.html</Path>
         </Node>
         <Node>
          <Name>RefundViewController</Name>
          <Path>interface_refund_view_controller.html</Path>
         </Node>
         <Node>
          <Name>ReviewOrderViewController</Name>
          <Path>interface_review_order_view_controller.html</Path>
         </Node>
         <Node>
          <Name>SettingType</Name>
          <Path>interface_setting_type.html</Path>
         </Node>
         <Node>
          <Name>SFHFKeychainUtils</Name>
          <Path>interface_s_f_h_f_keychain_utils.html</Path>
         </Node>
         <Node>
          <Name>SplitTenderPayment</Name>
          <Path>interface_split_tender_payment.html</Path>
         </Node>
         <Node>
          <Name>StatePickerViewController</Name>
          <Path>interface_state_picker_view_controller.html</Path>
         </Node>
         <Node>
          <Name>&lt;StatePickerViewControllerDelegate&gt;</Name>
          <Path>protocol_state_picker_view_controller_delegate-p.html</Path>
         </Node>
         <Node>
          <Name>TransactionDetailsType</Name>
          <Path>interface_transaction_details_type.html</Path>
         </Node>
         <Node>
          <Name>TransactionRequestType</Name>
          <Path>interface_transaction_request_type.html</Path>
         </Node>
         <Node>
          <Name>TransactionResponse</Name>
          <Path>interface_transaction_response.html</Path>
         </Node>
         <Node>
          <Name>TransactionSummaryType</Name>
          <Path>interface_transaction_summary_type.html</Path>
         </Node>
         <Node>
          <Name>TransRetailInfoType</Name>
          <Path>interface_trans_retail_info_type.html</Path>
         </Node>
         <Node>
          <Name>UserField</Name>
          <Path>interface_user_field.html</Path>
         </Node>
        </Subnodes>
       </Node>
       <Node>
        <Name>Class Hierarchy</Name>
        <Path>hierarchy.html</Path>
        <Subnodes>
         <Node>
          <Name>ANetApiRequest</Name>
          <Path>interface_a_net_api_request.html</Path>
         </Node>
         <Node>
          <Name>ANetApiResponse</Name>
          <Path>interface_a_net_api_response.html</Path>
         </Node>
         <Node>
          <Name>AuthNet</Name>
          <Path>interface_auth_net.html</Path>
         </Node>
         <Node>
          <Name>&lt;AuthNetDelegate&gt;</Name>
          <Path>protocol_auth_net_delegate-p.html</Path>
          <Subnodes>
           <Node>
            <Name>CredentialViewController</Name>
            <Path>interface_credential_view_controller.html</Path>
           </Node>
           <Node>
            <Name>RefundViewController</Name>
            <Path>interface_refund_view_controller.html</Path>
           </Node>
           <Node>
            <Name>ReviewOrderViewController</Name>
            <Path>interface_review_order_view_controller.html</Path>
           </Node>
          </Subnodes>
         </Node>
         <Node>
          <Name>AuthNetMessage</Name>
          <Path>interface_auth_net_message.html</Path>
         </Node>
         <Node>
          <Name>AuthNetRequest</Name>
          <Path>interface_auth_net_request.html</Path>
          <Subnodes>
           <Node>
            <Name>CreateTransactionRequest</Name>
            <Path>interface_create_transaction_request.html</Path>
           </Node>
           <Node>
            <Name>CreateTransactionRequest</Name>
            <Path>interface_create_transaction_request.html</Path>
           </Node>
           <Node>
            <Name>CreateTransactionRequest</Name>
            <Path>interface_create_transaction_request.html</Path>
           </Node>
           <Node>
            <Name>GetBatchStatisticsRequest</Name>
            <Path>interface_get_batch_statistics_request.html</Path>
           </Node>
           <Node>
            <Name>GetBatchStatisticsRequest</Name>
            <Path>interface_get_batch_statistics_request.html</Path>
           </Node>
           <Node>
            <Name>GetBatchStatisticsRequest</Name>
            <Path>interface_get_batch_statistics_request.html</Path>
           </Node>
           <Node>
            <Name>GetSettledBatchListRequest</Name>
            <Path>interface_get_settled_batch_list_request.html</Path>
           </Node>
           <Node>
            <Name>GetSettledBatchListRequest</Name>
            <Path>interface_get_settled_batch_list_request.html</Path>
           </Node>
           <Node>
            <Name>GetSettledBatchListRequest</Name>
            <Path>interface_get_settled_batch_list_request.html</Path>
           </Node>
           <Node>
            <Name>GetTransactionDetailsRequest</Name>
            <Path>interface_get_transaction_details_request.html</Path>
           </Node>
           <Node>
            <Name>GetTransactionDetailsRequest</Name>
            <Path>interface_get_transaction_details_request.html</Path>
           </Node>
           <Node>
            <Name>GetTransactionDetailsRequest</Name>
            <Path>interface_get_transaction_details_request.html</Path>
           </Node>
           <Node>
            <Name>GetTransactionListRequest</Name>
            <Path>interface_get_transaction_list_request.html</Path>
           </Node>
           <Node>
            <Name>GetTransactionListRequest</Name>
            <Path>interface_get_transaction_list_request.html</Path>
           </Node>
           <Node>
            <Name>GetTransactionListRequest</Name>
            <Path>interface_get_transaction_list_request.html</Path>
           </Node>
           <Node>
            <Name>GetUnsettledTransactionListRequest</Name>
            <Path>interface_get_unsettled_transaction_list_request.html</Path>
           </Node>
           <Node>
            <Name>GetUnsettledTransactionListRequest</Name>
            <Path>interface_get_unsettled_transaction_list_request.html</Path>
           </Node>
           <Node>
            <Name>GetUnsettledTransactionListRequest</Name>
            <Path>interface_get_unsettled_transaction_list_request.html</Path>
           </Node>
           <Node>
            <Name>LogoutRequest</Name>
            <Path>interface_logout_request.html</Path>
           </Node>
           <Node>
            <Name>LogoutRequest</Name>
            <Path>interface_logout_request.html</Path>
           </Node>
           <Node>
            <Name>LogoutRequest</Name>
            <Path>interface_logout_request.html</Path>
           </Node>
           <Node>
            <Name>MobileDeviceLoginRequest</Name>
            <Path>interface_mobile_device_login_request.html</Path>
           </Node>
           <Node>
            <Name>MobileDeviceLoginRequest</Name>
            <Path>interface_mobile_device_login_request.html</Path>
           </Node>
           <Node>
            <Name>MobileDeviceLoginRequest</Name>
            <Path>interface_mobile_device_login_request.html</Path>
           </Node>
           <Node>
            <Name>MobileDeviceRegistrationRequest</Name>
            <Path>interface_mobile_device_registration_request.html</Path>
           </Node>
           <Node>
            <Name>MobileDeviceRegistrationRequest</Name>
            <Path>interface_mobile_device_registration_request.html</Path>
           </Node>
           <Node>
            <Name>MobileDeviceRegistrationRequest</Name>
            <Path>interface_mobile_device_registration_request.html</Path>
           </Node>
          </Subnodes>
         </Node>
         <Node>
          <Name>AuthNetResponse</Name>
          <Path>interface_auth_net_response.html</Path>
          <Subnodes>
           <Node>
            <Name>CreateTransactionResponse</Name>
            <Path>interface_create_transaction_response.html</Path>
           </Node>
           <Node>
            <Name>CreateTransactionResponse</Name>
            <Path>interface_create_transaction_response.html</Path>
           </Node>
           <Node>
            <Name>CreateTransactionResponse</Name>
            <Path>interface_create_transaction_response.html</Path>
           </Node>
           <Node>
            <Name>GetBatchStatisticsResponse</Name>
            <Path>interface_get_batch_statistics_response.html</Path>
           </Node>
           <Node>
            <Name>GetBatchStatisticsResponse</Name>
            <Path>interface_get_batch_statistics_response.html</Path>
           </Node>
           <Node>
            <Name>GetBatchStatisticsResponse</Name>
            <Path>interface_get_batch_statistics_response.html</Path>
           </Node>
           <Node>
            <Name>GetSettledBatchListResponse</Name>
            <Path>interface_get_settled_batch_list_response.html</Path>
           </Node>
           <Node>
            <Name>GetSettledBatchListResponse</Name>
            <Path>interface_get_settled_batch_list_response.html</Path>
           </Node>
           <Node>
            <Name>GetSettledBatchListResponse</Name>
            <Path>interface_get_settled_batch_list_response.html</Path>
           </Node>
           <Node>
            <Name>GetTransactionDetailsResponse</Name>
            <Path>interface_get_transaction_details_response.html</Path>
           </Node>
           <Node>
            <Name>GetTransactionDetailsResponse</Name>
            <Path>interface_get_transaction_details_response.html</Path>
           </Node>
           <Node>
            <Name>GetTransactionDetailsResponse</Name>
            <Path>interface_get_transaction_details_response.html</Path>
           </Node>
           <Node>
            <Name>GetTransactionListResponse</Name>
            <Path>interface_get_transaction_list_response.html</Path>
           </Node>
           <Node>
            <Name>GetTransactionListResponse</Name>
            <Path>interface_get_transaction_list_response.html</Path>
           </Node>
           <Node>
            <Name>GetTransactionListResponse</Name>
            <Path>interface_get_transaction_list_response.html</Path>
           </Node>
           <Node>
            <Name>GetUnsettledTransactionListResponse</Name>
            <Path>interface_get_unsettled_transaction_list_response.html</Path>
           </Node>
           <Node>
            <Name>GetUnsettledTransactionListResponse</Name>
            <Path>interface_get_unsettled_transaction_list_response.html</Path>
           </Node>
           <Node>
            <Name>GetUnsettledTransactionListResponse</Name>
            <Path>interface_get_unsettled_transaction_list_response.html</Path>
           </Node>
           <Node>
            <Name>MobileDeviceLoginResponse</Name>
            <Path>interface_mobile_device_login_response.html</Path>
           </Node>
           <Node>
            <Name>MobileDeviceLoginResponse</Name>
            <Path>interface_mobile_device_login_response.html</Path>
           </Node>
           <Node>
            <Name>MobileDeviceLoginResponse</Name>
            <Path>interface_mobile_device_login_response.html</Path>
           </Node>
           <Node>
            <Name>MobileDeviceRegistrationResponse</Name>
            <Path>interface_mobile_device_registration_response.html</Path>
           </Node>
           <Node>
            <Name>MobileDeviceRegistrationResponse</Name>
            <Path>interface_mobile_device_registration_response.html</Path>
           </Node>
           <Node>
            <Name>MobileDeviceRegistrationResponse</Name>
            <Path>interface_mobile_device_registration_response.html</Path>
           </Node>
          </Subnodes>
         </Node>
         <Node>
          <Name>AuthNetUnitTests</Name>
          <Path>interface_auth_net_unit_tests.html</Path>
         </Node>
         <Node>
          <Name>BankAccountMaskedType</Name>
          <Path>interface_bank_account_masked_type.html</Path>
         </Node>
         <Node>
          <Name>BankAccountType</Name>
          <Path>interface_bank_account_type.html</Path>
         </Node>
         <Node>
          <Name>BatchDetailsType</Name>
          <Path>interface_batch_details_type.html</Path>
         </Node>
         <Node>
          <Name>BatchStatisticType</Name>
          <Path>interface_batch_statistic_type.html</Path>
         </Node>
         <Node>
          <Name>CCAuthenticationType</Name>
          <Path>interface_c_c_authentication_type.html</Path>
         </Node>
         <Node>
          <Name>CoffeeShopAppAppDelegate</Name>
          <Path>interface_coffee_shop_app_app_delegate.html</Path>
         </Node>
         <Node>
          <Name>CoffeeShopAppViewController</Name>
          <Path>interface_coffee_shop_app_view_controller.html</Path>
         </Node>
         <Node>
          <Name>CoffeeSizeViewController</Name>
          <Path>interface_coffee_size_view_controller.html</Path>
         </Node>
         <Node>
          <Name>CreditCardMaskedType</Name>
          <Path>interface_credit_card_masked_type.html</Path>
         </Node>
         <Node>
          <Name>CreditCardTrackType</Name>
          <Path>interface_credit_card_track_type.html</Path>
         </Node>
         <Node>
          <Name>CreditCardType</Name>
          <Path>interface_credit_card_type.html</Path>
         </Node>
         <Node>
          <Name>CustomerDataType</Name>
          <Path>interface_customer_data_type.html</Path>
         </Node>
         <Node>
          <Name>DatePickerViewController</Name>
          <Path>interface_date_picker_view_controller.html</Path>
         </Node>
         <Node>
          <Name>&lt;DatePickerViewControllerDelegate&gt;</Name>
          <Path>protocol_date_picker_view_controller_delegate-p.html</Path>
          <Subnodes>
           <Node>
            <Name>PurchaseViewController</Name>
            <Path>interface_purchase_view_controller.html</Path>
           </Node>
           <Node>
            <Name>PurchaseViewController</Name>
            <Path>interface_purchase_view_controller.html</Path>
           </Node>
           <Node>
            <Name>PurchaseViewController</Name>
            <Path>interface_purchase_view_controller.html</Path>
           </Node>
          </Subnodes>
         </Node>
         <Node>
          <Name>Encryption</Name>
          <Path>interface_encryption.html</Path>
         </Node>
         <Node>
          <Name>Error</Name>
          <Path>interface_error.html</Path>
         </Node>
         <Node>
          <Name>ExtendedAmountType</Name>
          <Path>interface_extended_amount_type.html</Path>
         </Node>
         <Node>
          <Name>FailedViewController</Name>
          <Path>interface_failed_view_controller.html</Path>
         </Node>
         <Node>
          <Name>FDSFilterType</Name>
          <Path>interface_f_d_s_filter_type.html</Path>
         </Node>
         <Node>
          <Name>GDataXMLDocument</Name>
          <Path>interface_g_data_x_m_l_document.html</Path>
         </Node>
         <Node>
          <Name>GDataXMLNode</Name>
          <Path>interface_g_data_x_m_l_node.html</Path>
          <Subnodes>
           <Node>
            <Name>GDataXMLElement</Name>
            <Path>interface_g_data_x_m_l_element.html</Path>
           </Node>
           <Node>
            <Name>GDataXMLElement</Name>
            <Path>interface_g_data_x_m_l_element.html</Path>
           </Node>
           <Node>
            <Name>GDataXMLElement</Name>
            <Path>interface_g_data_x_m_l_element.html</Path>
           </Node>
          </Subnodes>
         </Node>
         <Node>
          <Name>KeychainItemWrapper</Name>
          <Path>interface_keychain_item_wrapper.html</Path>
         </Node>
         <Node>
          <Name>LineItemType</Name>
          <Path>interface_line_item_type.html</Path>
         </Node>
         <Node>
          <Name>LoginViewController</Name>
          <Path>interface_login_view_controller.html</Path>
         </Node>
         <Node>
          <Name>LogoutResponse</Name>
          <Path>interface_logout_response.html</Path>
         </Node>
         <Node>
          <Name>MerchantAuthenticationType</Name>
          <Path>interface_merchant_authentication_type.html</Path>
         </Node>
         <Node>
          <Name>MerchantContactType</Name>
          <Path>interface_merchant_contact_type.html</Path>
         </Node>
         <Node>
          <Name>Messages</Name>
          <Path>interface_messages.html</Path>
         </Node>
         <Node>
          <Name>MobileDeviceType</Name>
          <Path>interface_mobile_device_type.html</Path>
         </Node>
         <Node>
          <Name>NameAndAddressType</Name>
          <Path>interface_name_and_address_type.html</Path>
          <Subnodes>
           <Node>
            <Name>CustomerAddressType</Name>
            <Path>interface_customer_address_type.html</Path>
           </Node>
           <Node>
            <Name>CustomerAddressType</Name>
            <Path>interface_customer_address_type.html</Path>
           </Node>
           <Node>
            <Name>CustomerAddressType</Name>
            <Path>interface_customer_address_type.html</Path>
           </Node>
          </Subnodes>
         </Node>
         <Node>
          <Name>NSString</Name>
          <Path>class_n_s_string.html</Path>
         </Node>
         <Node>
          <Name>OrderType</Name>
          <Path>interface_order_type.html</Path>
          <Subnodes>
           <Node>
            <Name>OrderExType</Name>
            <Path>interface_order_ex_type.html</Path>
           </Node>
           <Node>
            <Name>OrderExType</Name>
            <Path>interface_order_ex_type.html</Path>
           </Node>
           <Node>
            <Name>OrderExType</Name>
            <Path>interface_order_ex_type.html</Path>
           </Node>
          </Subnodes>
         </Node>
         <Node>
          <Name>PaymentMaskedType</Name>
          <Path>interface_payment_masked_type.html</Path>
         </Node>
         <Node>
          <Name>PaymentType</Name>
          <Path>interface_payment_type.html</Path>
         </Node>
         <Node>
          <Name>PermissionType</Name>
          <Path>interface_permission_type.html</Path>
         </Node>
         <Node>
          <Name>RefundSuccessViewController</Name>
          <Path>interface_refund_success_view_controller.html</Path>
         </Node>
         <Node>
          <Name>SettingType</Name>
          <Path>interface_setting_type.html</Path>
         </Node>
         <Node>
          <Name>SFHFKeychainUtils</Name>
          <Path>interface_s_f_h_f_keychain_utils.html</Path>
         </Node>
         <Node>
          <Name>SplitTenderPayment</Name>
          <Path>interface_split_tender_payment.html</Path>
         </Node>
         <Node>
          <Name>StatePickerViewController</Name>
          <Path>interface_state_picker_view_controller.html</Path>
         </Node>
         <Node>
          <Name>&lt;StatePickerViewControllerDelegate&gt;</Name>
          <Path>protocol_state_picker_view_controller_delegate-p.html</Path>
          <Subnodes>
           <Node>
            <Name>PurchaseViewController</Name>
            <Path>interface_purchase_view_controller.html</Path>
           </Node>
           <Node>
            <Name>PurchaseViewController</Name>
            <Path>interface_purchase_view_controller.html</Path>
           </Node>
           <Node>
            <Name>PurchaseViewController</Name>
            <Path>interface_purchase_view_controller.html</Path>
           </Node>
          </Subnodes>
         </Node>
         <Node>
          <Name>TransactionDetailsType</Name>
          <Path>interface_transaction_details_type.html</Path>
         </Node>
         <Node>
          <Name>TransactionRequestType</Name>
          <Path>interface_transaction_request_type.html</Path>
         </Node>
         <Node>
          <Name>TransactionResponse</Name>
          <Path>interface_transaction_response.html</Path>
         </Node>
         <Node>
          <Name>TransactionSummaryType</Name>
          <Path>interface_transaction_summary_type.html</Path>
         </Node>
         <Node>
          <Name>TransRetailInfoType</Name>
          <Path>interface_trans_retail_info_type.html</Path>
         </Node>
         <Node>
          <Name>UserField</Name>
          <Path>interface_user_field.html</Path>
         </Node>
        </Subnodes>
       </Node>
       <Node>
        <Name>Class Members</Name>
        <Path>functions.html</Path>
       </Node>
       <Node>
        <Name>File List</Name>
        <Path>files.html</Path>
        <Subnodes>
        </Subnodes>
       </Node>
      </Subnodes>
    </Node>
  </TOC>
</DocSetNodes>
